text,label
"Technology can be a double-edged sword when it comes to social connection. While it can facilitate communication and connection with others, it can also create a barrier between people when they become too reliant on it.",0
Excessive use of technology can lead to social isolation and disconnection from the physical world and face-to-face interactions.,0
"Online bullying and harassment can create toxic and hostile environments within online communities, leading to social disconnection and harm.",0
"Technology is not solely responsible for social isolation. While it may play a role, there are many other factors that can contribute to feelings of disconnection from one's community.",1
"Technology can provide new avenues for creativity and self-expression, bringing people together around shared interests and passions.",1
Online forums and message boards can provide a sense of community and support for people who may feel isolated in their daily lives.,1
"Online learning platforms can provide access to education and training that might not be available in one's local community, leading to personal and professional growth.",1
Technology can provide access to support groups and other resources for people who may not have been able to find them otherwise.,1
"Social media can be a powerful tool for activism and community organizing, bringing people together to effect positive change.",1
Virtual reality and augmented reality technologies can facilitate immersive experiences and help people connect with others in new and meaningful ways.,1
"Social media can create an illusion of connectedness without meaningful interaction, leading to a sense of loneliness and disconnection.",0
"Technology can create a sense of disconnection from one's own emotions and feelings, leading to a lack of introspection and self-awareness.",0
"Social media platforms can create echo chambers and reinforce pre-existing biases, leading to a lack of diversity of thought and ideas within communities.",0
"Social media platforms like Facebook and Twitter can help people stay connected with their communities, even when they are physically distant.",1
"Technology addiction can cause people to prioritize their devices over their relationships, leading to social isolation.",0
"Technology allows people to connect with others around the world, creating new social connections that were not possible before.",1
"Technology allows people to stay connected with loved ones who live far away, fostering relationships that might have been difficult to maintain in the past.",1
"Technology can contribute to a sense of disconnection if people use it as a substitute for face-to-face interactions. However, if used in moderation and in conjunction with in-person communication, it can actually strengthen social connections.",0
"Technology can contribute to the spread of misinformation and fake news, leading to a breakdown in trust and a lack of consensus within communities.",0
"Technology can create a sense of detachment from the natural world, leading to a lack of appreciation for and connection to the environment.",0
"Technology can distract people from important social interactions and events, leading to missed opportunities for community engagement.",0
Technology can exacerbate existing social inequalities and create new forms of exclusion and marginalization.,0
"Online marketplaces like Etsy and eBay can help support local artisans and small businesses, creating economic connections within communities.",1
"Social media can create unrealistic expectations and pressures to conform to certain standards, leading to a lack of authenticity and genuine connection within communities.",0
"Apps like Meetup can help people find and join local groups with shared interests, fostering community connections.",1
"Technology can lead to a decreased sense of privacy and personal autonomy, leading to feelings of vulnerability and mistrust within communities.",0
"Technology is not inherently isolating. It all depends on how it's used. If people use technology to supplement their social interactions rather than replace them, it can actually enhance their sense of community.",1
"The use of technology can lead to decreased physical activity and outdoor time, further contributing to social isolation.",0
Video conferencing technology like Zoom can facilitate remote meetings and help people stay connected with their colleagues and friends.,1
"Wearable technology can provide valuable data about one's health and wellbeing, leading to improved self-care and better health outcomes.",1
"When people spend too much time on their devices, they may become less likely to engage in face-to-face interactions with others, which can lead to a sense of disconnection.",0
